{
    "0": {
        "precision": 0.9982698961937716,
        "recall": 0.8386627906976745,
        "f1-score": 0.9115323854660348,
        "support": 688.0
    },
    "1": {
        "precision": 0.3546511627906977,
        "recall": 0.9838709677419355,
        "f1-score": 0.5213675213675214,
        "support": 62.0
    },
    "accuracy": 0.8506666666666667,
    "macro avg": {
        "precision": 0.6764605294922347,
        "recall": 0.911266879219805,
        "f1-score": 0.7164499534167781,
        "support": 750.0
    },
    "weighted avg": {
        "precision": 0.9450640808991174,
        "recall": 0.8506666666666667,
        "f1-score": 0.8792787567005577,
        "support": 750.0
    }
}