{"optimal_threshold": 0.30000000000000004, "best_f1": 0.9384615384615385}